id,commentId,userId,createdAt
ca02195a-536e-4329-85a0-a1c8c85b5e02,8fa8ae74-ef53-49ea-a42c-b00b8c5aa6ac,2a62386a-0cf0-4e51-994d-4abd6cca54e0,2026-04-08 10:19:34.930486
fa9d3fa0-0ec1-4713-bff8-f324630c3660,66d683cc-2c4b-4b96-9bb3-b668d96c6da7,2a62386a-0cf0-4e51-994d-4abd6cca54e0,2026-04-08 10:21:33.32242
280c3b04-5ee6-4f47-8dba-207b489fb483,5d837548-32c8-4506-b207-d6d98550880f,7746d1c5-a3c0-4deb-80df-4c2ac0355f89,2026-04-08 13:07:27.088179
aa801b0b-a057-4676-8646-490f520042b0,a238c06f-d73c-4bfd-baef-529e4e48a24a,7746d1c5-a3c0-4deb-80df-4c2ac0355f89,2026-04-08 13:10:50.898814
2d34a5f4-f1ae-4115-be42-85c163808e1e,8e42d70d-5c42-4089-84dc-b287091f72cd,c3eb4484-7be8-4ce1-9706-cae4975ba96e,2026-04-08 13:37:58.552109
2fdcbc73-a6fa-4380-964b-c6e898f80ac6,757301f4-20d5-47a8-a7b3-e363851ba82d,4da7d792-e565-4edc-9fbd-8466ffb37e2a,2026-04-08 20:43:02.248337
04dab70f-c7b7-4f03-8341-736669361dcc,966c6c75-5bf5-4bf3-b6d7-2d3f6204ffc2,4da7d792-e565-4edc-9fbd-8466ffb37e2a,2026-04-08 20:43:04.427413
1df301a4-ee87-434b-b9f3-f1e308db7787,6ea69a57-2fdb-4cd7-ba95-eb8b6f2ed58d,4da7d792-e565-4edc-9fbd-8466ffb37e2a,2026-04-08 20:43:06.14507
dbfcba21-a81f-4cd7-b922-138606dfa04c,5d837548-32c8-4506-b207-d6d98550880f,4da7d792-e565-4edc-9fbd-8466ffb37e2a,2026-04-08 20:43:07.708253
71b39047-dda2-4d8d-abae-b98005582886,7a328223-3a73-4a1e-948f-13a5f5c7ca77,4da7d792-e565-4edc-9fbd-8466ffb37e2a,2026-04-08 20:43:09.8263
de0f3ab2-c11a-498c-9fce-dafbda0e3cc1,ad68b86c-1ace-4bb4-a8fe-d84eceae4a36,243b9e41-d9ed-41df-a33f-b5f31bbe18ac,2026-04-08 21:53:22.882895
edac3456-0066-450b-bcc4-de9d64a5b958,154e87f9-fc59-4001-9ef0-493182b52c7c,0e1a9b43-9a17-4116-afc2-fc2572dbe845,2026-04-09 10:06:08.565972
f09b563e-6ea3-4589-973c-41cda707cdc8,4f872f35-de11-47c6-9e2f-3283e6d483fe,c3eb4484-7be8-4ce1-9706-cae4975ba96e,2026-04-09 15:34:03.29263
7510d72f-ab54-4cb8-80f2-cd054b4ade6e,8e7eb859-b04e-42c5-af5a-c10278c4b541,0f1635c9-d0f1-4b71-b7ba-dc63647b54ad,2026-04-09 22:00:34.640917
bef70f75-afa2-4844-ae99-ee5044e124f6,57163733-055a-4cd1-92aa-4eadc9a8b695,0f1635c9-d0f1-4b71-b7ba-dc63647b54ad,2026-04-09 22:00:36.145158
dbf0b041-7cd9-46f1-a47c-32abdfd04789,345b8156-3b5f-4dda-88f8-715923d3dc8b,0f1635c9-d0f1-4b71-b7ba-dc63647b54ad,2026-04-09 22:03:30.498461
72c96112-e659-4e73-95cb-866829d69063,bd833b1a-6c69-4afb-884f-19b60b6364ce,0f1635c9-d0f1-4b71-b7ba-dc63647b54ad,2026-04-09 22:04:08.449577
9a8d9cbf-c46c-48f4-a39e-d28ea075ee1c,c24ac65b-9241-4276-8377-fe9f07fc906f,7ebf370b-7734-4d2b-8e90-383350092227,2026-04-10 06:10:03.303143
bf237bac-8d39-412a-8c2d-0f50ee61d6e2,86c7e781-7325-4332-bffb-35ff576265de,0f1635c9-d0f1-4b71-b7ba-dc63647b54ad,2026-04-11 06:13:19.342162
e7aa12f2-2994-4c37-8684-cca37409a854,fbae8135-c619-439f-bb5a-66479b8c8d4c,0f1635c9-d0f1-4b71-b7ba-dc63647b54ad,2026-04-11 06:13:20.91661
4751f057-aa6c-4808-8901-daa61b641bbc,a22de4a4-bc78-4c3d-854a-553f7175abd5,0f1635c9-d0f1-4b71-b7ba-dc63647b54ad,2026-04-11 06:13:29.634098
7203f849-e541-487f-a200-6ab5caa7dd55,21f93358-ef99-4b2e-883f-3b36cdc4f872,0f1635c9-d0f1-4b71-b7ba-dc63647b54ad,2026-04-11 06:31:03.516573
ce116ae9-54a1-4463-9966-2e7554f9fe80,06f549ee-520b-4b5c-a43d-e798c2271d59,0f1635c9-d0f1-4b71-b7ba-dc63647b54ad,2026-04-11 07:09:30.770628
56702e91-4acc-471b-8113-78071c62fcdc,36339428-a447-4ca0-bd5b-8adc7ea52f09,0f1635c9-d0f1-4b71-b7ba-dc63647b54ad,2026-04-11 15:24:21.339652
d05024e9-8a6c-4623-868c-707030bd7681,2b449d1f-555d-47d6-8594-bbe5c1f1e37f,4da7d792-e565-4edc-9fbd-8466ffb37e2a,2026-04-11 19:26:14.451342
5544a73f-12d7-4f23-af30-b479132ba17f,74edeb94-1ab4-4cf2-9b70-e860068ca4a1,4da7d792-e565-4edc-9fbd-8466ffb37e2a,2026-04-11 19:26:15.245242
278b947e-9733-444e-9fc6-443bf152c06c,173e618b-865f-44e2-8e54-c7c98a2341db,4da7d792-e565-4edc-9fbd-8466ffb37e2a,2026-04-11 19:26:17.808786
e76a23b4-dd07-4ce8-8f61-298c4091cb5e,fe11b8e7-5aa9-4f18-8e53-e2bbcef394f2,243b9e41-d9ed-41df-a33f-b5f31bbe18ac,2026-04-11 19:34:24.545987
d753d67a-5c4b-45d1-a032-675441caecd7,df8c139c-60fd-4164-80e3-4233f9505150,914dcaa9-28e7-4c1d-810a-c026fb5bcbe2,2026-04-12 07:00:13.650821
f6a619ab-976c-4d7c-806f-3392bff1e8d7,2408751e-9575-468d-a1fc-2363ac22c835,94839caf-379f-4730-8081-499446b64048,2026-04-12 15:04:28.236441
f772124a-1e94-4e2d-8b41-822bfacd1478,13e7d4b2-e30c-400c-8de5-a62bbd25e411,914dcaa9-28e7-4c1d-810a-c026fb5bcbe2,2026-04-12 20:27:14.69764
61cf2547-5559-4634-a509-6a0b7dd1664b,f6293867-7671-45d3-809a-7ed1f26243e4,914dcaa9-28e7-4c1d-810a-c026fb5bcbe2,2026-04-12 20:28:38.686507
1129bf88-c2dc-46bf-9f0b-2444968075fe,bab60ef1-4b1f-4cc9-a20a-d3a4637e04fb,914dcaa9-28e7-4c1d-810a-c026fb5bcbe2,2026-04-12 20:29:49.649321
6ea84d06-c25c-4241-832e-0cfd3473b6d4,af486ebd-db87-4a0c-b7d7-a624cd0e7f7a,73b051cd-9f29-4d38-a074-723b14ad0041,2026-04-13 06:50:53.734197
8ea83887-d1ae-47b5-ade3-ee857d530d36,85e32f5a-1817-4860-af57-9c8577fc2cac,73b051cd-9f29-4d38-a074-723b14ad0041,2026-04-13 07:14:30.595973
b3d4df99-3f23-404f-91b0-6898d1945c5a,1afcbdc9-b8ec-4bb0-b0af-0b8d87b01655,73b051cd-9f29-4d38-a074-723b14ad0041,2026-04-13 12:07:19.913384
ecf87d33-f027-4279-8c14-ab91ddfa21e6,2f843548-78fe-446d-a503-f9457747c569,73b051cd-9f29-4d38-a074-723b14ad0041,2026-04-13 12:07:42.344235
dd68898c-b508-4f15-a788-480d8accc9ce,23ab34c8-2ea9-4546-a67c-886b19a6fe6c,58432d97-1bf4-476a-8071-e3fa650d5cdc,2026-04-13 13:52:58.959336
1fe916ab-37ad-4432-88a2-b95b9ab2e233,648ae548-b11a-4f00-82c9-1c6feaa237ee,0f1635c9-d0f1-4b71-b7ba-dc63647b54ad,2026-04-13 17:59:26.903392
6056a0ab-a150-41a0-b84b-a9ceb7424c0e,a3e79f75-0fa9-4d44-abe6-146dba3347b6,0f1635c9-d0f1-4b71-b7ba-dc63647b54ad,2026-04-14 10:04:10.507034
e09b70ed-a791-4d93-982e-a4dbe83928b7,8e400a48-8023-4b0f-852b-512bc99b4244,6526ae02-e01c-4c99-9d46-bbd9b9cfb67e,2026-04-14 12:37:30.584489
52801653-af3f-452a-a420-46cbbd841d3e,01b3078f-ea19-4c42-a7d8-2178e8a4a40b,914dcaa9-28e7-4c1d-810a-c026fb5bcbe2,2026-04-14 18:05:27.258786
0f898821-82f7-460f-b480-1c242b90f2c5,2e0b4429-9ce8-48da-9b8b-b4cbec50df34,914dcaa9-28e7-4c1d-810a-c026fb5bcbe2,2026-04-14 18:05:29.959596
96ed4c70-1402-4a42-95a1-c42bee2cd502,7bbc54f8-2570-482e-8fd5-4d196c5c6761,0f1635c9-d0f1-4b71-b7ba-dc63647b54ad,2026-04-15 09:17:24.787328
af119c5a-d50b-4c72-9347-8c919b0816a8,7e68eea2-0f93-452a-b9b7-ffeb6db7bae9,0f1635c9-d0f1-4b71-b7ba-dc63647b54ad,2026-04-15 09:17:33.623275
1394cca8-68a0-489d-99a2-786bbdba6154,2408751e-9575-468d-a1fc-2363ac22c835,5490df18-69dd-4fef-9f5c-230b026e47f4,2026-04-15 20:03:05.068292
1c746988-d756-405a-b30c-3de7bd924c0a,b92bd8ee-c096-4928-a88a-bd6b67cc4f7e,5490df18-69dd-4fef-9f5c-230b026e47f4,2026-04-15 20:03:07.48208
0f434838-8a0c-4192-ac00-834a43b93be3,214e7b4b-3ee7-4aa4-a073-161bf044a063,5490df18-69dd-4fef-9f5c-230b026e47f4,2026-04-15 20:03:09.701653
73bcfcf0-565e-45e1-8217-ad22ac6d10ec,6077fe05-20b3-4c41-89c8-a58d00c6b42f,5490df18-69dd-4fef-9f5c-230b026e47f4,2026-04-15 20:03:11.29068
e11ad3c5-0762-49dd-b44b-cde6d69fd7df,2e0be1ec-fe2f-4325-ba65-e778d1c58090,5807c14c-e6f5-4a63-90d4-29b860bee566,2026-04-15 20:33:32.789228
f858c12c-bddc-4a91-925d-4d45a51b9d90,04956b90-f922-4255-9965-00ea488eb71f,5807c14c-e6f5-4a63-90d4-29b860bee566,2026-04-15 20:33:34.397574
6e1d565b-1f70-4463-8d22-48abe086ec7f,b3116824-4840-4926-a193-f0267bc520c3,d25ede67-b475-4806-a114-348815f832d8,2026-04-16 13:28:12.039449
83d44877-f4ec-4a75-bed0-da2b1433af48,a96175a7-7912-469a-937b-0c4bbe2a6636,243b9e41-d9ed-41df-a33f-b5f31bbe18ac,2026-04-16 15:25:17.946043
0681d8b8-56f8-4ac6-b856-7ab2dba57751,f56e4ca7-9405-4a40-9959-c004b5f174c7,243b9e41-d9ed-41df-a33f-b5f31bbe18ac,2026-04-16 15:31:57.749382
17b9ae4c-e8e7-4d29-a241-9038b6a30927,6d3bf692-70f9-44d4-b6f8-23ba4fadacdf,243b9e41-d9ed-41df-a33f-b5f31bbe18ac,2026-04-16 15:32:16.348422
6b51ffa6-a965-40df-84ed-19d8c93300fb,e46f0cc5-ef15-4b3b-975a-df8fe1349e10,243b9e41-d9ed-41df-a33f-b5f31bbe18ac,2026-04-16 19:50:24.461367
d5e2507d-b473-422a-bfa1-1e7665df4f56,135c0ca9-15af-4799-80df-ead6d65ad226,560106e1-ad5d-4b44-847a-2d68c2d5d0b1,2026-04-16 20:19:59.55193
a646149d-f7db-40a2-97ed-03d9abadae55,74f46a3e-c209-4247-b5ef-09435bee5df2,914dcaa9-28e7-4c1d-810a-c026fb5bcbe2,2026-04-17 08:57:31.976631
d09fca59-bd0e-4bd6-835e-6c0ae4c1396d,0afedf1d-bb76-44e9-8cac-d1e869623cd7,243b9e41-d9ed-41df-a33f-b5f31bbe18ac,2026-04-17 09:35:15.279935
6d076974-9f6a-4fc1-ab2b-1fb3c1bc6cad,cd6f727d-e9b4-423c-883c-d5502f8bf630,243b9e41-d9ed-41df-a33f-b5f31bbe18ac,2026-04-17 09:41:59.464001
720f5eec-016a-46a3-93b9-605c3422114f,56e90cb6-4fac-4a1f-b704-54972538c9f7,2a62386a-0cf0-4e51-994d-4abd6cca54e0,2026-04-17 11:53:35.492635
39b33be7-4034-42fb-a7ae-e7a5c08fd476,6ecef2fa-39d1-48b1-9191-9ccb763dcd96,243b9e41-d9ed-41df-a33f-b5f31bbe18ac,2026-04-17 14:05:37.620335
1ba7c659-a31d-40d3-802d-4603a0b7dd46,5f80ee32-cda2-412f-a56f-fcedaffead3b,243b9e41-d9ed-41df-a33f-b5f31bbe18ac,2026-04-17 14:05:37.970646
a6c166fa-e3cc-49fd-96f3-fe35eecc0fb1,e5e8c124-a771-4064-8a02-815d9d0dce2e,243b9e41-d9ed-41df-a33f-b5f31bbe18ac,2026-04-17 17:44:48.181971
c65e0c5c-18cf-4e84-a4de-a26b1d74c554,738f2380-d9bd-4376-b6dd-9b44924375a8,5490df18-69dd-4fef-9f5c-230b026e47f4,2026-04-18 08:29:42.867021
dc7231bb-9ee0-4b62-94d5-aecf0d5e69df,ddde61e7-1921-4844-9593-51105b7be77f,d1ffb970-dc6c-4d1b-ac44-e14330e5feff,2026-04-18 09:00:17.46187
2e82065c-8f6c-4352-9066-0c2b70ee1cdd,a4fe5e67-c218-4946-95f0-842a6f7fc257,b064ac45-65db-4bc1-9d19-ae5b6d0334e2,2026-04-18 15:35:11.02906
9377995e-e085-41c4-adf5-c9714e25680c,b9c8f221-f102-4d51-af09-a6c1c8c67bbb,6d87b8c6-c7d7-4f52-849a-6a22928a3964,2026-04-18 17:28:20.321322
9decb6f8-518e-4721-a2f8-1f12c8290e17,fae82c23-ae71-482a-aa78-9cbb768c0f83,e6b21c66-861e-47e5-a924-582005b1283d,2026-04-19 20:01:53.478563
0ad35c7d-ea17-400c-81b0-d00e4d4f179d,7d1b8602-055e-47c2-994a-7a449af51cab,4da7d792-e565-4edc-9fbd-8466ffb37e2a,2026-04-19 21:12:46.750559
ef2a5d9b-682b-4b76-8ded-cbccc088a938,633a697a-3cd3-4613-b768-b29001aeca65,be59087e-18b5-40cd-882a-d6c560506f67,2026-04-20 07:44:15.028856
7eb42bcb-002a-49ca-8bab-6f461a9fe9c2,327208b5-5509-4d30-854e-eb9220eded70,be59087e-18b5-40cd-882a-d6c560506f67,2026-04-20 07:44:15.536116
54f2aa3d-0fad-44c6-873a-8360c5e5a062,ca88ba9b-7fbb-4722-8b60-a88516f3e2e6,be59087e-18b5-40cd-882a-d6c560506f67,2026-04-20 07:44:16.825577
24287767-e4d0-4eed-bc93-d76b2d355847,e4f92959-8db5-4556-89f0-bf9f03357f68,be59087e-18b5-40cd-882a-d6c560506f67,2026-04-20 07:44:18.579625
f189e574-8313-4c99-9f88-42730400af62,7d1b8602-055e-47c2-994a-7a449af51cab,be59087e-18b5-40cd-882a-d6c560506f67,2026-04-20 07:44:19.730789
9d81a4b6-be56-4cab-b577-4555768545bc,3dfac15c-c31f-4a29-ab93-9e851e72597f,09dcb701-a9d0-4ba6-913f-139194759442,2026-04-20 10:14:55.546086
a2d89d36-aa92-44fd-856d-455cfc15341a,a5dadf81-d270-483d-a195-d4e748c4f260,09dcb701-a9d0-4ba6-913f-139194759442,2026-04-20 10:21:53.922211
6a18933f-f59b-4eab-97da-988c60c91015,dbc10cf6-65d0-442d-807e-1f693ab069b0,09dcb701-a9d0-4ba6-913f-139194759442,2026-04-20 10:21:54.454214
5df8f23c-495e-4d35-babf-b20445f4fcdc,5f80ee32-cda2-412f-a56f-fcedaffead3b,d1ffb970-dc6c-4d1b-ac44-e14330e5feff,2026-04-21 07:43:37.189294
46ee0f5f-e3dc-4453-8591-405cb9d84ad7,190a08ae-b1da-4e9e-a635-2369f388385b,d260b974-60ab-4c93-9869-4fa71507e54b,2026-04-22 07:48:31.533164
b62fc8ff-6e8d-4c78-84aa-f61f1d271058,7603ebe0-3285-4de0-a515-426ac9e6dddb,d260b974-60ab-4c93-9869-4fa71507e54b,2026-04-22 07:48:37.455445
718eafe0-0efa-4ce4-b2ef-3d111d5cea2b,5320482d-3500-4b88-b7b0-e7a8e2490aa5,5807c14c-e6f5-4a63-90d4-29b860bee566,2026-04-23 13:26:44.237346
28e4ee18-bbee-41e5-a2d0-f893bc275cc8,614c938d-a251-4a16-8ece-2572260782c8,5807c14c-e6f5-4a63-90d4-29b860bee566,2026-04-23 13:26:45.366401
d62cf6df-60eb-4dd3-9327-bb29c1f50577,e2b645e3-5f2c-4943-a37e-482d0a08c2ef,5807c14c-e6f5-4a63-90d4-29b860bee566,2026-04-23 13:26:46.234677
d096819b-966a-4813-b367-f1fa46650430,cfad6679-48df-46c5-9bc0-500dc54ea488,5807c14c-e6f5-4a63-90d4-29b860bee566,2026-04-23 13:26:46.646727
603783fd-86f3-4f0d-a778-44693b10a409,190f9279-8760-4651-bce0-c293a70137aa,d1ffb970-dc6c-4d1b-ac44-e14330e5feff,2026-04-23 16:21:02.749186
1ff47043-45a8-466e-972a-5a54e38d2ef8,58136146-099d-4b4c-97f5-127f69532809,243b9e41-d9ed-41df-a33f-b5f31bbe18ac,2026-04-25 12:05:35.287162
a8df26b2-e007-47f5-99cb-9a0ad596dbb2,e0a8d0ab-c4da-418b-a6e3-ce5343c28c9b,d1ffb970-dc6c-4d1b-ac44-e14330e5feff,2026-04-25 14:25:35.426523
57110d2d-44ff-4775-b193-95a094a760aa,a23512dd-8f08-4dcc-8e87-0b69a73435b7,0f1635c9-d0f1-4b71-b7ba-dc63647b54ad,2026-04-25 16:39:17.311517
4fd2af68-5fae-4179-afa5-42244cfcbf88,274a4764-f005-406a-a391-a6d55973d01e,0f1635c9-d0f1-4b71-b7ba-dc63647b54ad,2026-04-25 16:39:19.280975
489c6c1d-04f9-474c-8ed0-ee7eaa72c146,58e248cb-6710-4be2-a583-521db1fe38bf,0f1635c9-d0f1-4b71-b7ba-dc63647b54ad,2026-04-25 16:39:21.248638
6550f351-7260-4fd3-9931-2b1f7354b701,867a45ea-d7b1-4c8f-ad25-1e8ac8240b88,4da7d792-e565-4edc-9fbd-8466ffb37e2a,2026-04-25 21:48:10.784933
65dc3a4e-e540-4b04-b89d-ccefc245a8ef,7b7aff6a-adb8-4194-a3a9-4fdfc5a0cba5,4da7d792-e565-4edc-9fbd-8466ffb37e2a,2026-04-25 21:48:47.180045
dff4c51c-71a1-4508-812a-5a3bd17a97e0,0f71477a-6424-46da-8250-9547055a8e79,09dcb701-a9d0-4ba6-913f-139194759442,2026-04-27 05:53:42.723305
29053b87-a526-4fda-9124-9b585ccb2554,456e31ff-ad82-4c33-b786-72fed5c12e7a,09dcb701-a9d0-4ba6-913f-139194759442,2026-04-27 05:53:45.059226
f87440e8-3e90-470b-8cf2-f9b0f64d1e02,d44edf1f-8b9a-41d8-b00a-4e685657ab93,09dcb701-a9d0-4ba6-913f-139194759442,2026-04-27 06:03:01.10636
ffac4df2-3615-486d-a33a-b014bbe26d73,fa2e616f-989b-4717-b0aa-6b2716f38548,c0a3b5ab-4a7a-4938-9ba3-e466b91694b3,2026-04-28 04:31:34.601829
e533b972-93c3-4f59-bcdc-adac3f30e07d,729b64e8-995f-4102-a2d8-e3a282434473,d547b079-a3e1-468b-ac19-af450e044f81,2026-04-28 17:25:44.908641
9870de7a-195c-48fa-a9c8-8f9c1cc3a7c6,0bbca7a7-a3cc-40b4-97f9-1ae0eb9f3132,d547b079-a3e1-468b-ac19-af450e044f81,2026-04-28 17:27:34.438874
e95a10b5-91df-4aaa-8162-1f2b9b190ebc,d9069233-acc8-464a-80ee-471a7371b4ed,d547b079-a3e1-468b-ac19-af450e044f81,2026-04-28 17:27:53.958474
b21336df-918c-467d-8ad4-aeab73cc6400,e835d60d-51ee-4e41-841b-cc4354af1fdb,5807c14c-e6f5-4a63-90d4-29b860bee566,2026-04-29 21:26:03.162168
b05e8767-f4e5-4bcb-b17f-1a88a376b922,e1f32690-b9fc-4490-ae32-fc53de79a473,668ef4af-b827-402c-be2f-7aae83db2d0a,2026-05-01 07:06:37.6159
4e758338-ab73-4462-8a20-c262819a72e4,5d4d7993-343f-4b0a-9cb0-3edf9be93616,668ef4af-b827-402c-be2f-7aae83db2d0a,2026-05-01 07:10:44.327234
8051efbb-b6cf-42ec-b8a1-f303cd0a8712,456cec50-8ba9-4a9a-bca6-1235a889171f,668ef4af-b827-402c-be2f-7aae83db2d0a,2026-05-01 07:12:07.069136
7ec35d9b-e0fe-40fd-8bbb-073f15873d10,7961525e-5b52-46a8-9acc-18330b8d07e4,d119032a-606a-4bf2-b29d-92941c866494,2026-05-02 09:08:30.761577
3621b0cc-213c-42b3-887d-f3f13f60e870,a9fd7df6-9244-4eea-8604-f7cc92cd658c,668ef4af-b827-402c-be2f-7aae83db2d0a,2026-05-03 04:53:15.064609
705505eb-1cb6-4c5a-aae9-e4b310ea0a25,f51cad85-8cb2-4c88-b97b-99c54ca5578c,5490df18-69dd-4fef-9f5c-230b026e47f4,2026-05-03 15:18:31.424626
ab408dfd-3346-4d0e-b769-5276e5b83d71,f19d61bf-2e09-4106-a8bb-efabdb2890d9,0e1a9b43-9a17-4116-afc2-fc2572dbe845,2026-05-04 07:42:13.273491
24701b6a-063a-4c24-954b-97dd75b42bb0,0a0d8b4f-3ac2-4a98-8f57-8c8f540b837f,0e1a9b43-9a17-4116-afc2-fc2572dbe845,2026-05-04 07:42:16.507571
97250583-f9ba-41c9-9a8e-edc80b97990f,657e2a97-7736-4615-900c-fb145805a76c,0e1a9b43-9a17-4116-afc2-fc2572dbe845,2026-05-04 07:42:21.38961
e5b8542e-3292-49fc-a186-4e050fa49a21,48da7204-730c-49b5-89dd-dc460de3fe2a,0e1a9b43-9a17-4116-afc2-fc2572dbe845,2026-05-04 07:43:20.816656
284f2aaf-092b-418b-81b4-1ded07c0b77a,53e5f3ab-dc38-46d0-af40-4328e0c10e2c,0e1a9b43-9a17-4116-afc2-fc2572dbe845,2026-05-04 07:45:22.734449
03526b43-3e50-4d87-ad29-2512c0ae717f,73896549-851a-4a04-91ac-e2efd9ef1d90,0e1a9b43-9a17-4116-afc2-fc2572dbe845,2026-05-04 07:45:23.385243
c20e6de9-9ba8-4db6-aeb6-62e8e1d1ea65,a48eefac-e3ec-44fe-a9fd-9d3e33f00f6a,0e1a9b43-9a17-4116-afc2-fc2572dbe845,2026-05-04 07:45:25.447956
21dede2b-0b94-4498-99eb-ff4706e8c1a3,f737c062-041c-4b8f-992b-d95e7e70425f,0e1a9b43-9a17-4116-afc2-fc2572dbe845,2026-05-04 07:59:07.86932
e37ae08a-9096-4e30-8771-287080e36443,fd1931f6-9b5f-41e9-b7d3-7fc808ae290d,0e1a9b43-9a17-4116-afc2-fc2572dbe845,2026-05-04 07:59:09.255497
2b64b02e-9ef3-4f96-b290-c229d5c129c1,f3c86bba-0e9c-4a1e-9bfd-895dbf79c566,0e1a9b43-9a17-4116-afc2-fc2572dbe845,2026-05-04 07:59:12.525095
c5a3a249-60e1-4257-b94c-31b138e114d0,e408c125-355e-4562-81dc-c9667a7c19ad,0e1a9b43-9a17-4116-afc2-fc2572dbe845,2026-05-04 07:59:16.158987
089befec-6417-4550-946f-70ddde3b26a0,23ef81d8-ba69-46c2-be69-45458bfe3a7d,0e1a9b43-9a17-4116-afc2-fc2572dbe845,2026-05-04 07:59:23.774446
8a5e076d-1050-4fed-9890-825afb580a19,a1834893-53fd-4508-abac-046a2596c7da,0e1a9b43-9a17-4116-afc2-fc2572dbe845,2026-05-04 07:59:24.855943
c178399a-dc4e-48c4-b9dd-11954d4514a6,54a140f2-1ea2-49cd-94d4-826de13227d9,0e1a9b43-9a17-4116-afc2-fc2572dbe845,2026-05-04 07:59:26.400187
28288c94-3bd0-45b6-ae0f-aaa228506264,8ac10d14-35fd-4003-a65d-af823e96cf05,0e1a9b43-9a17-4116-afc2-fc2572dbe845,2026-05-04 07:59:31.249685
a2f41abc-0225-45e3-838a-c6122b196301,50c130a1-8a22-4f2b-be6d-515171e92a00,2a62386a-0cf0-4e51-994d-4abd6cca54e0,2026-05-04 09:51:45.891316
fc543c12-907e-42ea-80df-e26ae1ea049f,d71b9660-816a-4c73-ba0e-fef80afc0b89,668ef4af-b827-402c-be2f-7aae83db2d0a,2026-05-04 12:04:52.802698
ff6e8fda-224d-46c5-b32d-84d55f6d6614,e7342181-067e-4b85-9f0b-4fe7520d1922,668ef4af-b827-402c-be2f-7aae83db2d0a,2026-05-04 12:08:26.888088
2a7330e2-180f-48c0-a6f6-9bbfbac0e0a1,a6cf2e0a-2c37-4901-aeef-f8cc5e1d6a8a,700aecf9-bee0-4cd9-bd12-d2d9fef21919,2026-05-04 15:40:07.019918
22a25708-3072-4b7c-a77b-6f79bbca6d9d,3a03d680-02bf-4068-9e7c-94f270269b6e,668ef4af-b827-402c-be2f-7aae83db2d0a,2026-05-05 01:53:32.764952
3da04604-7456-4fa1-a888-1178ac2528eb,a6cf2e0a-2c37-4901-aeef-f8cc5e1d6a8a,668ef4af-b827-402c-be2f-7aae83db2d0a,2026-05-05 01:53:58.646636
c8e95222-1228-46e2-a54b-2b680cc7bcd6,42ff2ef5-f06f-4277-b22d-44a7515c3cd2,4abbfca8-fc0e-45e3-8d46-cf8d06b14c9a,2026-05-05 08:58:27.639992
d050f1da-231f-40d6-bbb9-ea13c51ec4b2,a4d416ca-f42e-4287-a0de-44a519e0461c,5490df18-69dd-4fef-9f5c-230b026e47f4,2026-05-05 09:42:17.870703
e600dab2-f2c7-4d2a-be06-eb2787a63783,49a4ea3e-1dba-47a1-b3fa-3edc9cbadd03,0d7e219e-22a1-437f-8c32-8f104a8aadd2,2026-05-07 14:03:19.573574
106657ef-1bc4-4ecc-829c-8cd05fa15511,41041cc5-cd82-402d-8103-7401c2a2a027,668ef4af-b827-402c-be2f-7aae83db2d0a,2026-05-08 06:47:44.349162
75f80eb5-587f-4d1a-8948-c357fa189107,74ba83a1-12b4-4e1c-9f47-31967d0828db,76cfe225-e403-4b84-9375-6909f015874f,2026-05-08 21:04:17.124011
0455a897-9fa1-4e0b-89fd-5ecf66d584f1,5601547e-bd79-48f4-b0f7-ec1e23cad261,668ef4af-b827-402c-be2f-7aae83db2d0a,2026-05-09 07:12:19.869697
f3df46c7-6991-4a75-a9fb-cefa86640d49,96047004-d9f7-40c7-b238-a5d020b8df93,668ef4af-b827-402c-be2f-7aae83db2d0a,2026-05-09 07:13:03.473044
9c7352d3-6bcd-43f9-b780-2f3d3aaa1151,1b389aa4-3654-4309-9e96-2e449787cadf,668ef4af-b827-402c-be2f-7aae83db2d0a,2026-05-09 07:14:03.5956
b5265263-5d08-4c68-9ba5-bafa838105c9,2aa439ee-54f1-4896-ba2c-c9af047271f2,668ef4af-b827-402c-be2f-7aae83db2d0a,2026-05-09 07:14:47.760835
56492e87-89be-4e00-8c25-7fd8b8567ec5,83ceb3ed-791a-4a67-a031-cf5e99c82050,668ef4af-b827-402c-be2f-7aae83db2d0a,2026-05-09 07:15:52.637034
dddf6c94-8aaa-41d4-b03b-7141d01221f2,cc96d289-04b4-4e4d-9a6e-c9e2ec5bf65e,668ef4af-b827-402c-be2f-7aae83db2d0a,2026-05-09 07:17:00.640668
7ab5d6dc-415f-4613-809f-b5d54abe61dd,69e59410-79eb-4efa-b464-167fd839dee7,668ef4af-b827-402c-be2f-7aae83db2d0a,2026-05-09 07:18:07.681078
a8eb2610-e4ea-4ad2-8506-55a544a07719,95165140-ef05-4c57-8ddc-43656500a4d6,668ef4af-b827-402c-be2f-7aae83db2d0a,2026-05-09 07:22:41.381042
fcbcf61c-115c-4368-80fd-e454c54eca6f,0c4cabab-088b-4e68-a1d5-f82f973f327f,09711473-923b-49df-a317-f3b68bd78839,2026-05-10 15:48:58.25437
b75e89c8-82f8-4eff-aea8-19c242258f23,0ec421dc-9d35-494a-b7bb-b3a92c8f0411,5051ba4d-fdf5-42dd-bbe5-81a68c14514f,2026-05-11 14:20:53.060113
4856a639-28f1-4dbd-b167-a8455038e269,5dc1f325-ffdb-4326-9888-94810ddeedff,09711473-923b-49df-a317-f3b68bd78839,2026-05-11 22:14:37.636758
aa828201-d0a9-43c7-9849-5b057bd47729,c1076747-9244-48e3-acbf-7aad4546fed5,09711473-923b-49df-a317-f3b68bd78839,2026-05-11 23:31:58.366022
9db84a1a-f71e-446b-85e7-3ef703ed87b0,89ce43d0-60c2-4979-826b-4a3494c59f9c,09711473-923b-49df-a317-f3b68bd78839,2026-05-12 04:25:47.973969
00e3a2b2-d8a5-4ea3-867d-18459c8bc9b9,ae947b04-db27-41b1-8811-aa0e7de685b1,023026f2-e87f-4870-9f55-e4046459d9e1,2026-05-12 06:08:31.628037
